ID,Kind,Category,Trigger,Key,Descriptor,Audio prompt,Filename slug,Priority,Notes
CAR-001,card_type,Card type,On cast / play (land),Instant,arcane snap,"A short crystalline arcane snap with a bright magical sparkle, like a quickspell flashing into existence, 0.6 seconds.",sfx_cast_instant,P0,From CrankMagic glossary card-type list
CAR-002,card_type,Card type,On cast / play (land),Sorcery,grand spell,"A fuller magical spell whoosh with shimmering ethereal tones, deeper than an instant, like a prepared ritual released, 1.2 seconds.",sfx_cast_sorcery,P0,From CrankMagic glossary card-type list
CAR-003,card_type,Card type,On cast / play (land),Creature,creature summon,"A soft earthy summon whoosh ending in a stylized fantasy creature presence (dramatic but not a jump scare), 1.0 second.",sfx_cast_creature,P0,From CrankMagic glossary card-type list
CAR-004,card_type,Card type,On cast / play (land),Artifact,metal clink,"A clean mechanical metal clink and soft gear tick, magical workshop brass, 0.7 seconds.",sfx_cast_artifact,P0,From CrankMagic glossary card-type list
CAR-005,card_type,Card type,On cast / play (land),Enchantment,aether veil,"A silky aether veil unfurling with warm chimes and a gentle rising pad, 1.1 seconds.",sfx_cast_enchantment,P0,From CrankMagic glossary card-type list
CAR-006,card_type,Card type,On cast / play (land),Planeswalker,loyalty flare,"A heroic planeswalker arrival flare: rising choir pad, soft brass swell, crystalline spark, 1.4 seconds.",sfx_cast_planeswalker,P0,From CrankMagic glossary card-type list
CAR-007,card_type,Card type,On cast / play (land),Battle,siege drum,"A distant siege drum hit with muted brass and stone scrape, mythical battlefield, 1.0 second.",sfx_cast_battle,P0,From CrankMagic glossary card-type list
CAR-008,card_type,Card type,On cast / play (land),Land,land settle,"A soft land-settle: earth and moss with a quiet magical shimmer (not a thud), 0.8 seconds.",sfx_play_land,P0,From CrankMagic glossary card-type list
CAR-009,card_type,Card type,On cast / play (land),Kindred,tribal echo,"A soft tribal echo: brief chorus of fantasy kin voices stylized into a magical chord, 0.9 seconds.",sfx_cast_kindred,P0,From CrankMagic glossary card-type list
SUP-010,supertype,Supertype,On ETB / cast when Legendary,Legendary,ethereal fanfare,"A more pronounced ethereal fanfare layered over the base type sound: airy choir, golden shimmer, legend-rule weight weighty and a bit ominous without cheap bombast, 1.5 seconds.",sfx_legendary_emphasis,P0,Stack with base type SFX
SUP-011,supertype,Supertype,Optional flavor on snow permanents,Snow,frost chime,"A delicate frost chime with icy sparkle, soft and mythical, 0.7 seconds.",sfx_snow_emphasis,P2,
SUB-012,subtype,Subtype,On cast / ETB when subtype matches,Vehicle,engine rev,"A short fantasy vehicle engine rev — brass and wood mechanical, playful not modern sports-car, 1.0 second.",sfx_subtype_vehicle,P0,Glossary + common MTG subtypes
SUB-013,subtype,Subtype,On cast / ETB when subtype matches,Equipment,blade sheath,"A clean blade-into-sheath / armor clasp metal sound with light magical ring, 0.7 seconds.",sfx_subtype_equipment,P0,Glossary + common MTG subtypes
SUB-014,subtype,Subtype,On cast / ETB when subtype matches,Aura,binding shimmer,"A soft binding shimmer as an aura settles onto a target, glassy and intimate, 0.9 seconds.",sfx_subtype_aura,P0,Glossary + common MTG subtypes
SUB-015,subtype,Subtype,On cast / ETB when subtype matches,Fortification,stone fortify,"A stone fortify scrape with mortar dust and soft magic, 0.8 seconds.",sfx_subtype_fortification,P2,Glossary + common MTG subtypes
SUB-016,subtype,Subtype,On cast / ETB when subtype matches,Saga,chapter turn,"A saga chapter page-turn with ancient parchment and a low mystical tone, 0.9 seconds.",sfx_subtype_saga,P1,Glossary + common MTG subtypes
SUB-017,subtype,Subtype,On cast / ETB when subtype matches,Class,class ascend,"A class-level chime rising a minor third, training-montage fantasy, 0.8 seconds.",sfx_subtype_class,P2,Glossary + common MTG subtypes
SUB-018,subtype,Subtype,On cast / ETB when subtype matches,Treasure,coin glitter,"A small treasure coin glitter clink, bright and rewarding, 0.5 seconds.",sfx_subtype_treasure,P1,Glossary + common MTG subtypes
SUB-019,subtype,Subtype,On cast / ETB when subtype matches,Food,feast clink,"A soft ceramic / feast clink, warm tavern fantasy, 0.5 seconds.",sfx_subtype_food,P2,Glossary + common MTG subtypes
SUB-020,subtype,Subtype,On cast / ETB when subtype matches,Clue,deduce tick,"A tiny investigative tick and sparkle, mystery fantasy, 0.5 seconds.",sfx_subtype_clue,P2,Glossary + common MTG subtypes
SUB-021,subtype,Subtype,On cast / ETB when subtype matches,Blood,dark drip,"A stylized dark droplet into a glass bowl, gothic but not gory, 0.6 seconds.",sfx_subtype_blood,P2,Glossary + common MTG subtypes
CRE-022,creature_tribe,Creature tribe,On cast / ETB creature; prefer most specific tribe match,Human,steel clash,"Stylized steel weapons clashing once, heroic fantasy skirmish, 0.7 seconds.",sfx_tribe_human,P1,Curated audio tribes for Commander; resolve via type line subtypes
CRE-023,creature_tribe,Creature tribe,On cast / ETB creature; prefer most specific tribe match,Soldier,march stamp,"A short disciplined armor stamp and shield tap, 0.6 seconds.",sfx_tribe_soldier,P1,Curated audio tribes for Commander; resolve via type line subtypes
CRE-024,creature_tribe,Creature tribe,On cast / ETB creature; prefer most specific tribe match,Knight,lance ring,"A bright lance / plate armor ring with noble spark, 0.8 seconds.",sfx_tribe_knight,P1,Curated audio tribes for Commander; resolve via type line subtypes
CRE-025,creature_tribe,Creature tribe,On cast / ETB creature; prefer most specific tribe match,Warrior,war cry brief,"A brief stylized battle shout filtered into a non-verbal warrior call, 0.7 seconds.",sfx_tribe_warrior,P1,Curated audio tribes for Commander; resolve via type line subtypes
CRE-026,creature_tribe,Creature tribe,On cast / ETB creature; prefer most specific tribe match,Wizard,rune spark,"A rune-circle spark and whispered energy (no words), 0.8 seconds.",sfx_tribe_wizard,P1,Curated audio tribes for Commander; resolve via type line subtypes
CRE-027,creature_tribe,Creature tribe,On cast / ETB creature; prefer most specific tribe match,Cleric,holy chime,"A soft holy chime and warm light swell, 0.8 seconds.",sfx_tribe_cleric,P1,Curated audio tribes for Commander; resolve via type line subtypes
CRE-028,creature_tribe,Creature tribe,On cast / ETB creature; prefer most specific tribe match,Rogue,dagger swipe,"A quick dagger swipe and cloth rustle, stealthy fantasy, 0.5 seconds.",sfx_tribe_rogue,P1,Curated audio tribes for Commander; resolve via type line subtypes
CRE-029,creature_tribe,Creature tribe,On cast / ETB creature; prefer most specific tribe match,Zombie,undead moan,"A short stylized undead moan / dry rasp, fantasy undead — ominous OK, not gore-horror, 0.9 seconds.",sfx_tribe_zombie,P1,Curated audio tribes for Commander; resolve via type line subtypes
CRE-030,creature_tribe,Creature tribe,On cast / ETB creature; prefer most specific tribe match,Skeleton,bone rattle,"A light bone rattle and grit, playful macabre, 0.6 seconds.",sfx_tribe_skeleton,P1,Curated audio tribes for Commander; resolve via type line subtypes
CRE-031,creature_tribe,Creature tribe,On cast / ETB creature; prefer most specific tribe match,Spirit,ghost whisper,"An airy ghost whisper and glass harmonic, ethereal, 0.9 seconds.",sfx_tribe_spirit,P1,Curated audio tribes for Commander; resolve via type line subtypes
CRE-032,creature_tribe,Creature tribe,On cast / ETB creature; prefer most specific tribe match,Vampire,velvet hiss,"A velvet hiss and dark silk whoosh, elegant gothic fantasy, 0.8 seconds.",sfx_tribe_vampire,P1,Curated audio tribes for Commander; resolve via type line subtypes
CRE-033,creature_tribe,Creature tribe,On cast / ETB creature; prefer most specific tribe match,Horror,abyss growl,"A low abyss growl ominous and mythical, not jump-scare horror, 1.0 second.",sfx_tribe_horror,P1,Curated audio tribes for Commander; resolve via type line subtypes
CRE-034,creature_tribe,Creature tribe,On cast / ETB creature; prefer most specific tribe match,Demon,infernal bass,"A deep infernal bass hit with distant horn, dramatic and ominous, not jump-scare horror, 1.0 second.",sfx_tribe_demon,P1,Curated audio tribes for Commander; resolve via type line subtypes
CRE-035,creature_tribe,Creature tribe,On cast / ETB creature; prefer most specific tribe match,Angel,wing hymn,"Feathered wing whoosh with a bright hymn pad, 1.0 second.",sfx_tribe_angel,P1,Curated audio tribes for Commander; resolve via type line subtypes
CRE-036,creature_tribe,Creature tribe,On cast / ETB creature; prefer most specific tribe match,Dragon,dragon roar,"A stylized dragon roar with wing buffet, epic fantasy, 1.3 seconds.",sfx_tribe_dragon,P1,Curated audio tribes for Commander; resolve via type line subtypes
CRE-037,creature_tribe,Creature tribe,On cast / ETB creature; prefer most specific tribe match,Phoenix,flame rebirth,"A flame whoosh and crystalline rebirth chime, 1.0 second.",sfx_tribe_phoenix,P1,Curated audio tribes for Commander; resolve via type line subtypes
CRE-038,creature_tribe,Creature tribe,On cast / ETB creature; prefer most specific tribe match,Beast,beast growl,"A mid beast growl, wilderness fantasy, 0.9 seconds.",sfx_tribe_beast,P1,Curated audio tribes for Commander; resolve via type line subtypes
CRE-039,creature_tribe,Creature tribe,On cast / ETB creature; prefer most specific tribe match,Wolf,wolf howl short,"A short wolf howl, cinematic and clean, 1.0 second.",sfx_tribe_wolf,P1,Curated audio tribes for Commander; resolve via type line subtypes
CRE-040,creature_tribe,Creature tribe,On cast / ETB creature; prefer most specific tribe match,Cat,cat snarl,"A feline snarl / hiss, agile fantasy, 0.6 seconds.",sfx_tribe_cat,P1,Curated audio tribes for Commander; resolve via type line subtypes
CRE-041,creature_tribe,Creature tribe,On cast / ETB creature; prefer most specific tribe match,Dinosaur,dino bellow,"A dinosaur bellow with ground thump, fun prehistoric fantasy, 1.1 seconds.",sfx_tribe_dinosaur,P1,Curated audio tribes for Commander; resolve via type line subtypes
CRE-042,creature_tribe,Creature tribe,On cast / ETB creature; prefer most specific tribe match,Bird,wing flutter,"Wing flutter and bright chirp motif stylized, 0.6 seconds.",sfx_tribe_bird,P1,Curated audio tribes for Commander; resolve via type line subtypes
CRE-043,creature_tribe,Creature tribe,On cast / ETB creature; prefer most specific tribe match,Snake,serpent hiss,"A serpent hiss with soft rattle, 0.7 seconds.",sfx_tribe_snake,P1,Curated audio tribes for Commander; resolve via type line subtypes
CRE-044,creature_tribe,Creature tribe,On cast / ETB creature; prefer most specific tribe match,Insect,chitin skitter,"Chitin skitter and wing buzz, fantasy insect, 0.6 seconds.",sfx_tribe_insect,P1,Curated audio tribes for Commander; resolve via type line subtypes
CRE-045,creature_tribe,Creature tribe,On cast / ETB creature; prefer most specific tribe match,Spider,web pluck,"A web-string pluck and skitter, 0.6 seconds.",sfx_tribe_spider,P1,Curated audio tribes for Commander; resolve via type line subtypes
CRE-046,creature_tribe,Creature tribe,On cast / ETB creature; prefer most specific tribe match,Merfolk,water surge,"A water surge and bubble chime, aquatic fantasy, 0.8 seconds.",sfx_tribe_merfolk,P1,Curated audio tribes for Commander; resolve via type line subtypes
CRE-047,creature_tribe,Creature tribe,On cast / ETB creature; prefer most specific tribe match,Fish,splash leap,"A splash and leap, lighthearted, 0.5 seconds.",sfx_tribe_fish,P1,Curated audio tribes for Commander; resolve via type line subtypes
CRE-048,creature_tribe,Creature tribe,On cast / ETB creature; prefer most specific tribe match,Kraken,deep roar,"A deep ocean roar and low horn, leviathan presence, 1.2 seconds.",sfx_tribe_kraken,P1,Curated audio tribes for Commander; resolve via type line subtypes
CRE-049,creature_tribe,Creature tribe,On cast / ETB creature; prefer most specific tribe match,Elf,forest chime,"Forest leaf chime and bowstring tap, 0.7 seconds.",sfx_tribe_elf,P1,Curated audio tribes for Commander; resolve via type line subtypes
CRE-050,creature_tribe,Creature tribe,On cast / ETB creature; prefer most specific tribe match,Goblin,goblin cackle,"A short stylized goblin cackle (non-verbal cartoonish), playful, 0.6 seconds.",sfx_tribe_goblin,P1,Curated audio tribes for Commander; resolve via type line subtypes
CRE-051,creature_tribe,Creature tribe,On cast / ETB creature; prefer most specific tribe match,Dwarf,anvil tap,"Anvil tap and sturdy boot stamp, 0.6 seconds.",sfx_tribe_dwarf,P1,Curated audio tribes for Commander; resolve via type line subtypes
CRE-052,creature_tribe,Creature tribe,On cast / ETB creature; prefer most specific tribe match,Giant,giant footfall,"A heavy giant footfall with distant echo, 0.9 seconds.",sfx_tribe_giant,P1,Curated audio tribes for Commander; resolve via type line subtypes
CRE-053,creature_tribe,Creature tribe,On cast / ETB creature; prefer most specific tribe match,Construct,servo whir,"Servo whir and metal plate settle, magical automaton, 0.8 seconds.",sfx_tribe_construct,P1,Curated audio tribes for Commander; resolve via type line subtypes
CRE-054,creature_tribe,Creature tribe,On cast / ETB creature; prefer most specific tribe match,Golem,stone grind,"Stone grind and heavy step, 0.9 seconds.",sfx_tribe_golem,P1,Curated audio tribes for Commander; resolve via type line subtypes
CRE-055,creature_tribe,Creature tribe,On cast / ETB creature; prefer most specific tribe match,Elemental,element surge,"An elemental surge blending wind and spark, 0.9 seconds.",sfx_tribe_elemental,P1,Curated audio tribes for Commander; resolve via type line subtypes
CRE-056,creature_tribe,Creature tribe,On cast / ETB creature; prefer most specific tribe match,Ooze,slime burble,"A friendly slime burble, stylized, not gross-out, 0.6 seconds.",sfx_tribe_ooze,P1,Curated audio tribes for Commander; resolve via type line subtypes
CRE-057,creature_tribe,Creature tribe,On cast / ETB creature; prefer most specific tribe match,Treefolk,wood creak,"Ancient wood creak and leaf rustle, 0.9 seconds.",sfx_tribe_treefolk,P1,Curated audio tribes for Commander; resolve via type line subtypes
CRE-058,creature_tribe,Creature tribe,On cast / ETB creature; prefer most specific tribe match,Phyrexian,oil click,"Oil-metal click and oily shimmer, ominous and oily, not graphic horror, 0.8 seconds.",sfx_tribe_phyrexian,P1,Curated audio tribes for Commander; resolve via type line subtypes
CRE-059,creature_tribe,Creature tribe,On cast / ETB creature; prefer most specific tribe match,Eldrazi,void drone,"A void drone and alien chime, cosmic fantasy, 1.1 seconds.",sfx_tribe_eldrazi,P1,Curated audio tribes for Commander; resolve via type line subtypes
CRE-060,creature_tribe,Creature tribe,On cast / ETB creature; prefer most specific tribe match,God,divine swell,"A divine swell of choir pad and gold bells, 1.3 seconds.",sfx_tribe_god,P1,Curated audio tribes for Commander; resolve via type line subtypes
EVE-061,event,Combat,When attackers are declared,Attack declared,warhorn call,"A short fantasy warhorn call and steel scrape as an attack is declared, 0.9 seconds.",sfx_event_attack,P0,Play-table event; glossary-aligned where applicable
EVE-062,event,Combat,When blockers are declared,Block declared,shield brace,"A shield brace impact with determined grit, 0.7 seconds.",sfx_event_block,P1,Play-table event; glossary-aligned where applicable
EVE-063,event,Combat,When combat damage is dealt,Combat damage,blade impact,"A stylized blade impact with a brief magical spark (not gore), 0.6 seconds.",sfx_event_combat_damage,P0,Play-table event; glossary-aligned where applicable
EVE-064,event,Combat,When commander combat damage is dealt to a player,Commander damage,legend strike,"A heavier legend strike: deep brass + ethereal crackle marking commander damage, 1.0 second.",sfx_event_commander_damage,P0,Play-table event; glossary-aligned where applicable
EVE-065,event,Life,When a player gains life,Life gain,heal chime,"A warm heal chime rising pleasantly, 0.7 seconds.",sfx_event_life_gain,P0,Play-table event; glossary-aligned where applicable
EVE-066,event,Life,When a player loses life (non-combat),Life loss,life drain,"A soft life-drain whoosh downward in pitch, 0.7 seconds.",sfx_event_life_loss,P0,Play-table event; glossary-aligned where applicable
EVE-067,event,Counters,When a player gets one or more poison counters,Poison,toxic drip,"A toxic drip into a glass vial with greenish shimmer (stylized, stylized, not gross-out), 0.8 seconds.",sfx_event_poison,P0,Play-table event; glossary-aligned where applicable
EVE-068,event,Board,When a mass removal / board wipe resolves,Board wipe,world hush,"A sweeping world-hush: rising wind then a soft implosion of magic clearing the board, 1.6 seconds.",sfx_event_board_wipe,P0,Play-table event; glossary-aligned where applicable
EVE-069,event,Counters,When proliferate happens,Proliferate,counter blossom,"Counters blossoming: multiple tiny crystalline ticks spreading outward, 1.0 second.",sfx_event_proliferate,P1,Play-table event; glossary-aligned where applicable
EVE-070,event,Tokens,When one or more tokens are created,Create tokens,token spark,"Several soft token sparks popping into being, denser if many, 0.9 seconds.",sfx_event_create_tokens,P0,Play-table event; glossary-aligned where applicable
EVE-071,event,Removal,When a permanent is destroyed,Destroy,shatter soft,"A soft magical shatter / break, 0.7 seconds.",sfx_event_destroy,P1,Play-table event; glossary-aligned where applicable
EVE-072,event,Removal,When an object is exiled,Exile,void pull,"A void pull with crystalline fade-out, 0.8 seconds.",sfx_event_exile,P1,Play-table event; glossary-aligned where applicable
EVE-073,event,Zone,When a creature dies,Dies,fall away,"A brief fall-away thump and fading spark, solemn and a touch dark, not gruesome, 0.7 seconds.",sfx_event_dies,P1,Play-table event; glossary-aligned where applicable
EVE-074,event,Zone,Generic enters-the-battlefield (fallback),Enters battlefield,arrival soft,"A soft arrival pad and click as something enters the battlefield, 0.6 seconds.",sfx_event_etb,P2,Play-table event; glossary-aligned where applicable
EVE-075,event,Library,When cards are milled,Mill,card cascade,"A short cascade of ethereal card flips into a grave whisper, 0.8 seconds.",sfx_event_mill,P2,Play-table event; glossary-aligned where applicable
EVE-076,event,Stack,When a spell is countered,Counter spell,negation snap,"A negation snap that extinguishes a spell mid-cast, 0.7 seconds.",sfx_event_counterspell,P1,Play-table event; glossary-aligned where applicable
EVE-077,event,Card,When a player draws (optional light cue),Draw,card flick,"A light magical card flick, subtle so it can fire often, 0.35 seconds.",sfx_event_draw,P2,Play-table event; glossary-aligned where applicable
EVE-078,event,Turn,When it becomes your turn,Your turn,turn gleam,"A gentle turn-gleam chime announcing your turn, 0.8 seconds.",sfx_event_your_turn,P1,Play-table event; glossary-aligned where applicable
EVE-079,event,UI,Optional: when Auto-pass / force recovery fires,Priority recover,nudge tick,"A soft UI nudge tick, non-alarming, 0.3 seconds.",sfx_ui_priority_nudge,P2,Play-table event; glossary-aligned where applicable
EVE-080,event,Match,When you win,Victory,victory swell,"A joyful victory swell: brass and choir, triumphant but warm, 2.5 seconds.",sfx_event_victory,P1,Play-table event; glossary-aligned where applicable
EVE-081,event,Match,When you lose / eliminated,Defeat,defeat fade,"A gentle defeat fade: descending pad without harshness, 2.0 seconds.",sfx_event_defeat,P1,Play-table event; glossary-aligned where applicable
EVE-082,event,Action,When equip / attach resolves,Equip,armor clasp,"Armor clasp / attach click with light magic, 0.6 seconds.",sfx_event_equip,P1,Play-table event; glossary-aligned where applicable
EVE-083,event,Action,When a Vehicle becomes crewed,Crew,crew engage,"Crew engage: footsteps onto deck plus engine catch, fantasy vehicle, 0.9 seconds.",sfx_event_crew,P1,Play-table event; glossary-aligned where applicable
BGM-084,bgm,Background music,Lobby / seat,bgm_lobby,mythic calm,"Loopable high-fantasy lobby bed: soft strings, warm brass pads, quiet harp, faint distant shadow in the low end; mythical and inviting with a soft ominous undertone; 60-second seamless loop.",bgm_lobby_mythic_calm,P0,Duck under SFX; user volume separate
BGM-085,bgm,Background music,Game in progress (default),bgm_game_main,aether voyage,"Loopable in-game bed: mid-tempo adventure with aether shimmer, light percussion, woodwinds and soft choir; can carry a darker undertone under the melody; supports table talk; 75-second seamless loop.",bgm_game_aether_voyage,P0,Duck under SFX; user volume separate
BGM-086,bgm,Background music,While combat is open / attackers declared,bgm_combat,battle shimmer,"Loopable combat bed: higher energy with restrained drums and brass, a darker heroic edge; high fantasy battle shimmer, not horror stingers; 45-second seamless loop that can crossfade from main bed.",bgm_combat_battle_shimmer,P1,Duck under SFX; user volume separate
BGM-087,bgm,Background music,Low life / poison / commander damage threat,bgm_tension,ominous myth,"Loopable tension bed: darker pads, sparse soft timpani, rising dread and mythic shadow; ominous high fantasy, not jump-scare horror; 50-second seamless loop.",bgm_tension_darkening_myth,P1,Duck under SFX; user volume separate
BGM-088,bgm,Background music,Post-win linger (optional),bgm_victory,triumph soft,"Short non-loop victory linger bed 20 seconds, soft triumph resolving to calm.",bgm_victory_linger,P2,Duck under SFX; user volume separate
UI-089,ui,Settings,Audio settings screen,sfx_volume,slider SFX,(No audio generation — integration key for SFX bus volume 0–100.),setting_sfx_volume,P0,Wire in settings
UI-090,ui,Settings,Audio settings screen,bgm_volume,slider BGM,(No audio generation — integration key for BGM bus volume 0–100.),setting_bgm_volume,P0,Wire in settings
UI-091,ui,Settings,Audio settings screen,mute_all,mute toggle,(No audio generation — mute both buses.),setting_mute_all,P1,
