ID,Type,Domain,Statement,Classification,Rationale,CrankMagic_Implication,Source,Confidence,Verify_In_Client
FR-001,FR,Account/Auth,The system shall authenticate players with a dedicated MTGO account (username/password) created in-client or via the operator account ecosystem.,MUST,"Identity binds collection, prizes, bans",Hosted accounts must map 1:1 if Premier in scope,MTGO_PRD_Research_2026-09-22.md; LoginScene,High,Y
FR-002,FR,Account/Auth,The system shall enforce age eligibility (18+; 13–17 with parental registration) and non-transferable personal accounts.,MUST,COPPA-adjacent / EULA,Legal wrapping required for hosted play,MTGO_PRD_Research_2026-09-22.md,High,N
FR-003,FR,Account/Auth,The system shall support Basic free tier with restricted features and one-time Full upgrade unlocking Trade/Chat/Challenge/Store.,COULD,Funnel economics; free try-play spirit is SHOULD,May differ gates; keep free try-play,MTGO_PRD_Research_2026-09-22.md,High,Y
FR-004,FR,Account/Auth,"The system shall reclaim Basic accounts after ~3 months inactivity, freeing username and Basic product.",COULD,Retention policy knob,Decide own inactivity policy,MTGO_PRD_Research_2026-09-22.md,High,N
FR-005,FR,Account/Auth,The system shall apply U.S. export/embargo controls for sanctioned regions.,MUST,Sanctions compliance,Geofence capability required,MTGO_PRD_Research_2026-09-22.md,High,N
FR-006,FR,Account/Auth,The system shall restrict Scheduled/Premier participation and cash/invitation prizes to allowlisted countries and 18+ where required.,MUST,Sanctions / gambling-adjacent; PrizeEligibility.rtf on disk,Prize geofencing missing today,MTGO_PRD_Research_2026-09-22.md; mtgo-install-inventory.json v3.4.158.4700 Policies,High,N
FR-007,FR,Account/Auth,"The system shall bind players to EULA, ToS, Privacy Policy, arbitration/class waiver at create and material updates.",MUST,Legal continuity; EULA_en.rtf ships in client,Counsel-ready terms,MTGO_PRD_Research_2026-09-22.md; mtgo-install-inventory.json v3.4.158.4700 EULA,High,N
FR-008,FR,Account/Auth,The system shall support tax reporting (e.g. 1099) for winnings above threshold.,MUST,U.S. tax where applicable,Prize tax ops if Premier,MTGO_PRD_Research_2026-09-22.md,High,N
FR-009,FR,Account/Auth,The system shall process Store payments via approved processors; fees generally non-refundable except technical/fraud discretion.,SHOULD,EULA payment posture,Payment partner choice COULD,MTGO_PRD_Research_2026-09-22.md,High,N
FR-010,FR,Collection/DigitalObjects,The system shall treat digital cards/inventory as Digital Objects: limited license to play; no player ownership of Accounts or Digital Objects.,MUST,Core WotC/Daybreak legal posture,Never market ownership; match EULA model,MTGO_PRD_Research_2026-09-22.md,High,N
FR-011,FR,Collection/DigitalObjects,"The system shall persist inventory (cards, tickets, PP, avatars, chests, boosters) across sessions.",MUST,Without persistence MTGO is not MTGO,Collection/graph already models inventory,MTGO_PRD_Research_2026-09-22.md,High,Y
FR-012,FR,Collection/DigitalObjects,The system shall allow the same Digital Object to be assigned to multiple decks.,SHOULD,MTGO deck UX expectation,Support multi-deck assignment,MTGO_PRD_Research_2026-09-22.md,High,Y
FR-013,FR,Collection/DigitalObjects,The system shall forfeit Digital Object use rights on account termination.,MUST,EULA termination,Encode in ToS + systems,MTGO_PRD_Research_2026-09-22.md,High,N
FR-014,FR,Collection/DigitalObjects,The system shall ship/update complete card data/art payload for eternal formats (Card.dll ~216MB).,MUST,Eternal pool parity,Keep Forge/card DB B&R-synced,mtgo-install-inventory.json v3.4.158.4700,High,N
FR-020,FR,Economy/Trade/Store,The system shall sell Event Tickets as primary tradable unit for entry and peer trade.,SHOULD,Tradable medium; form negotiable,Liquidity mechanism required even if not tix,MTGO_PRD_Research_2026-09-22.md,High,Y
FR-021,FR,Economy/Trade/Store,The system shall provide non-tradable Play Points usable for entry at published equivalence without mixing with tickets on same entry.,SHOULD,Dual currency separates value from subsidy,Design PP successor carefully,MTGO_PRD_Research_2026-09-22.md,Med,Y
FR-022,FR,Economy/Trade/Store,The system shall provide New Player Points for onboarding/phantom events.,COULD,Onboarding faucet,Optional,MTGO_PRD_Research_2026-09-22.md,High,Y
FR-023,FR,Economy/Trade/Store,"The system shall provide in-client Trade (binders, wish list, search, buddy trade, confirm flow, trade chat) for Full accounts.",MUST,In-client liquidity; TradeScene present,Trade/economy weak today — build or partner,MTGO_PRD_Research_2026-09-22.md; mtgo-install-inventory.json v3.4.158.4700,High,Y
FR-024,FR,Economy/Trade/Store,"The system shall provide a Store for tickets, boosters, bundles, Commander decks, redemption SKUs, account upgrade.",SHOULD,StoreScene present,Store surface needed for economy,MTGO_PRD_Research_2026-09-22.md; mtgo-install-inventory.json v3.4.158.4700,High,Y
FR-025,FR,Economy/Trade/Store,The system shall prohibit off-platform RMT and account sale/transfer; not recognize off-platform transfers.,MUST,Fraud/AML/tax/ToS,Policy + enforcement before diligence,MTGO_PRD_Research_2026-09-22.md,High,N
FR-026,FR,Economy/Trade/Store,"The system shall prohibit gameplay bots, unattended macros, protocol emulation, unauthorized gameplay-impacting programs.",MUST,Competitive integrity,Anti-cheat for hosted play,MTGO_PRD_Research_2026-09-22.md,High,N
FR-027,FR,Economy/Trade/Store,The system shall treat trading bots as not formally authorized; first-party marketplace or ban is a product decision.,GAP,Strategic gray market; enforcement GAP vs practice,Decide authorize/replace/ban pre-WotC,MTGO_PRD_Research_2026-09-22.md,Med,N
FR-028,FR,Economy/Trade/Store,The system shall ban bribery; allow limited defined final-round prize splits without operator enforcing splits.,MUST,Event integrity (ban),Encode bribery rules,MTGO_PRD_Research_2026-09-22.md,High,N
FR-029,FR,Economy/Trade/Store,The system shall offer Treasure Chests or equivalent tunable prize sinks/faucets.,COULD,Economy knob,May use cleaner sinks,MTGO_PRD_Research_2026-09-22.md,High,Y
FR-040,FR,Formats/Events,The system shall support Standard/Pioneer/Modern/Legacy/Vintage/Pauper with B&R sync (next day noon PT).,MUST,IP control + eternal identity,Automated legality pipeline,MTGO_PRD_Research_2026-09-22.md,High,Y
FR-041,FR,Formats/Events,The system shall support Premodern and Duel Commander at least via Challenges (leagues Unverified).,SHOULD,Population-supported eternals,Verify leagues in client,MTGO_PRD_Research_2026-09-22.md,Med,Y
FR-042,FR,Formats/Events,The system shall support multiplayer Commander Open Play and 1v1 Commander Gauntlet.,SHOULD,Social/casual growth,Commander-first: exceed MTGO brackets/hosting,MTGO_PRD_Research_2026-09-22.md,High,Y
FR-043,FR,Formats/Events,"The system shall support Momir, Cubes (Vintage Cube), Jumpstart, Pack Wars, Flashbacks, Phantom limited.",COULD,Engagement mix; Phantom SHOULD,Optional modes,MTGO_PRD_Research_2026-09-22.md,High,Y
FR-044,FR,Formats/Events,"The system shall provide Constructed leagues, 2P queues, Gold SE 8-player queues, Draft/Sealed leagues and 8-man queues.",SHOULD,Proven engagement pattern,Event framework needed,MTGO_PRD_Research_2026-09-22.md,High,Y
FR-045,FR,Formats/Events,The system shall provide Open Play (Play Now/Quick Play/lobbies/Buddy Challenge).,SHOULD,Casual on-ramp,Hosted casual lobbies,MTGO_PRD_Research_2026-09-22.md,High,Y
FR-046,FR,Formats/Events,The system shall not rely on Arena Alchemy/digital-only balance as primary competitive pool.,MUST,MTGO vs Arena identity,Paper-faithful eternal pool,MTGO_PRD_Research_2026-09-22.md,High,N
FR-047,FR,Formats/Events,The system shall remove mid-league illegal decks after B&R and return entry.,MUST,Fairness after bans,Legality jobs + refunds,MTGO_PRD_Research_2026-09-22.md,High,N
FR-048,FR,Formats/Events,The system shall expose Play lobby surface distinct from Duel and Draft (PlayScene).,SHOULD,Install-aligned IA,Scene map for product IA,mtgo-install-inventory.json v3.4.158.4700,High,Y
FR-060,FR,Deckbuilding/CollectionUI,"The system shall provide collection+deck editor with filters, search, versions, image/table views, qty incl. zero.",SHOULD,Core UX; CollectionAndDeckEditorScene,Collection UI strength,MTGO_PRD_Research_2026-09-22.md; mtgo-install-inventory.json v3.4.158.4700,High,Y
FR-061,FR,Deckbuilding/CollectionUI,"The system shall support text/.dek import/export, clipboard import, server auto-save.",SHOULD,Interoperability,Keep .dek/text interop,MTGO_PRD_Research_2026-09-22.md,High,Y
FR-062,FR,Deckbuilding/CollectionUI,"The system shall enforce sideboard, Companion-in-sideboard, Commander color identity.",MUST,Format legality,Encode in deck validator,MTGO_PRD_Research_2026-09-22.md,High,Y
FR-063,FR,Deckbuilding/CollectionUI,The system shall mark illegal/missing cards and allow Update with collection versions.,SHOULD,Deck legality UX,Sim/graph can drive marks,MTGO_PRD_Research_2026-09-22.md,High,Y
FR-064,FR,Deckbuilding/CollectionUI,"The system shall provide mana curve, sample hands, deck settings.",COULD,Convenience,Nice-to-have,MTGO_PRD_Research_2026-09-22.md,High,Y
FR-065,FR,Deckbuilding/CollectionUI,The system shall enforce Basic deck slot limits (20); Full limits Unverified.,COULD,Account tier knob,Verify Full limits,MTGO_PRD_Research_2026-09-22.md,Med,Y
FR-066,FR,Deckbuilding/CollectionUI,The system shall allow saving draft logs to disk.,COULD,Spikes/content creators,Optional export,MTGO_PRD_Research_2026-09-22.md,High,Y
FR-080,FR,Matchmaking/Progression,"The system shall match leagues on course score, wait time, rematch bias (not Elo/trophies/outside record).",SHOULD,Official 2018 model; form COULD,Fair asynchronous leagues,MTGO_PRD_Research_2026-09-22.md,High,N
FR-081,FR,Matchmaking/Progression,The system shall fire on-demand queues at minimum player thresholds (2 or 8 typical).,SHOULD,Low-friction competitive play,Queue service,MTGO_PRD_Research_2026-09-22.md,High,Y
FR-082,FR,Matchmaking/Progression,The system shall support scheduled Swiss+Top8 and fixed-round events with standings/tiebreakers.,SHOULD,Challenge/Prelim structure,Tournament software,MTGO_PRD_Research_2026-09-22.md,High,Y
FR-083,FR,Matchmaking/Progression,The system shall progress Premier via QP/Leaderboard Points rather than public global Elo.,SHOULD,Hidden MMR Unverified,QP economy if Premier pursued,MTGO_PRD_Research_2026-09-22.md,Med,Y
FR-084,FR,Matchmaking/Progression,The system shall support Commander Brackets with path to programmatic validation.,GAP,Evolving; validation GAP,Hard bracket validation opportunity,MTGO_PRD_Research_2026-09-22.md,Med,Y
FR-100,FR,RulesEngine/Timers,"The system shall digitally adjudicate under Comprehensive Rules (priority, stack, layers, replacement effects).",MUST,Competitive legitimacy,Forge-local = core asset; CR test harness,MTGO_PRD_Research_2026-09-22.md,High,Y
FR-101,FR,RulesEngine/Timers,"The system shall provide phase/step stops, lockable Phase Bar, Yield Until Here, defaults.",SHOULD,Power-user control,Duel UX parity,MTGO_PRD_Research_2026-09-22.md,High,Y
FR-102,FR,RulesEngine/Timers,The system shall support priority hold and deep shortcut/auto-yield system (mostly rebindable).,SHOULD,Speed / pro training tool,Shortcut layer on Forge UI,MTGO_PRD_Research_2026-09-22.md,High,Y
FR-103,FR,RulesEngine/Timers,The system shall run per-player chess clock while holding priority; 0 = loss; round caps by event.,MUST,Competitive fairness,Networked clocks beyond Forge-local,MTGO_PRD_Research_2026-09-22.md,High,Y
FR-104,FR,RulesEngine/Timers,The system shall announce disconnect; grace without freezing clock; reconnect does not restore lost time.,MUST,Abuse-resistant disconnect; exact minutes Unverified,Design published grace model,MTGO_PRD_Research_2026-09-22.md,Med,Y
FR-105,FR,RulesEngine/Timers,The system shall allow operator adjudication of any match/event result.,MUST,EULA integrity backstop,Admin adjudication tools,MTGO_PRD_Research_2026-09-22.md,High,N
FR-106,FR,RulesEngine/Timers,The system shall provide duel audio feedback for combat/damage/destroy/life/PW/priority/win-lose etc.,SHOULD,98 WAV Audio pack verified,Audio pack alignment opportunity,mtgo-install-inventory.json v3.4.158.4700,High,Y
FR-120,FR,Social/Chat/Spectate,"The system shall provide buddies, challenge, trade, chat for Full accounts.",SHOULD,Social eternal community,Hosted social graph,MTGO_PRD_Research_2026-09-22.md; HomeScene; Chat,High,Y
FR-121,FR,Social/Chat/Spectate,The system shall support ignore/block.,SHOULD,Safety; UI path Unverified,Moderation basics,MTGO_PRD_Research_2026-09-22.md,Med,Y
FR-122,FR,Social/Chat/Spectate,The system shall provide monitored room/game chat; Basic cannot chat.,SHOULD,Monitoring MUST for safety,Chat + Conduct ops,MTGO_PRD_Research_2026-09-22.md,High,Y
FR-123,FR,Social/Chat/Spectate,The system shall allow casual spectate when host permits; competitive generally not live-spectatable (secondary).,COULD,Coverage SHOULD for Showcase,Define spectate matrix,MTGO_PRD_Research_2026-09-22.md,Low,Y
FR-124,FR,Social/Chat/Spectate,The system shall provide match replay (current on/off Unverified).,GAP,Learning/content; state GAP,Verify; build if missing,MTGO_PRD_Research_2026-09-22.md,Low,Y
FR-125,FR,Social/Chat/Spectate,The system shall embed Player Code of Conduct and Game Guide in-client.,SHOULD,Resources RTF on disk,Ship Conduct with client,mtgo-install-inventory.json v3.4.158.4700,High,N
FR-140,FR,Premier/MOCS,The system shall operate seasonal QP path through Challenges/Qualifiers/Showcase to Champions Showcase and Worlds invites.,MUST,Feeds tabletop OP,Major build if in deal scope,MTGO_PRD_Research_2026-09-22.md,High,Y
FR-141,FR,Premier/MOCS,The system shall serve as digital qualifying path to tabletop Regional Championships.,MUST,WotC strategic asset,Coordinate with WotC OP,MTGO_PRD_Research_2026-09-22.md,High,N
FR-142,FR,Premier/MOCS,The system shall prohibit multi-accounting in Showcase/Qualifiers; one Scheduled entry per person; ban account sharing.,MUST,Invitation integrity,Identity verification,MTGO_PRD_Research_2026-09-22.md,High,N
FR-143,FR,Premier/MOCS,The system shall provide DEC chat/admin tooling for covered events.,SHOULD,AdminScene present,Operator tools,MTGO_PRD_Research_2026-09-22.md; mtgo-install-inventory.json v3.4.158.4700,Med,Y
FR-144,FR,Premier/MOCS,The system shall support Showcase streaming requirements/constraints for invitees.,SHOULD,Content ecosystem,Stream policy,MTGO_PRD_Research_2026-09-22.md,High,N
FR-145,FR,Premier/MOCS,"Exact QP thresholds, prize pools, Gold SE vs Prelim scheduling shall be tunable.",COULD,Economy/schedule knobs,Retune freely,MTGO_PRD_Research_2026-09-22.md,High,Y
FR-160,FR,Redemption,The system shall offer Physical Redemption (or explicit successor value-bridge) for complete main-sets under published conditions.,MUST,Trust bridge; EULA allows cancel but sunset without bridge is crisis,Design successor before any sunset,MTGO_PRD_Research_2026-09-22.md,High,N
FR-161,FR,Redemption,The system shall allow non-redeemable SKU designation with clear communication.,COULD,Per-release; communicate MUST,Clear SKU policy,MTGO_PRD_Research_2026-09-22.md,High,N
FR-162,FR,Redemption,The system shall reflect foil redemption discontinued posture (Bloomburrow+).,COULD,Cost adaptation,SKU policy detail,MTGO_PRD_Research_2026-09-22.md,High,N
FR-163,FR,Redemption,The system shall make Store stock authoritative when schedule shows availability but stock exhausted.,SHOULD,Operational truth,Inventory truthfulness,MTGO_PRD_Research_2026-09-22.md,High,Y
FR-180,FR,Support/Admin,"The system shall provide help submission, bug feedback, Game Support for redemption.",SHOULD,Support load,HelpScene + CS workflows,MTGO_PRD_Research_2026-09-22.md; mtgo-install-inventory.json v3.4.158.4700,High,Y
FR-181,FR,Support/Admin,The system shall reimburse/nullify vendor-side event bugs per policy; not player ISP/ToS/unverifiable.,SHOULD,Trust norm,Published reimbursement SLA,MTGO_PRD_Research_2026-09-22.md,High,N
FR-182,FR,Support/Admin,The system shall top up Challenge min-prize shortfalls in PP within SLA.,COULD,Trust SHOULD,Optional guarantee,MTGO_PRD_Research_2026-09-22.md,High,N
FR-183,FR,Support/Admin,The system shall provide in-client Report Issue path.,SHOULD,Report Issue.rtf present,In-client report,mtgo-install-inventory.json v3.4.158.4700,High,Y
FR-184,FR,Support/Admin,The system shall provide Admin scene for contested events/account actions.,MUST,Integrity ops (depth Med),Build admin tooling,MTGO_PRD_Research_2026-09-22.md; mtgo-install-inventory.json v3.4.158.4700,Med,Y
NFR-001,NFR,Performance,The system shall publish and meet Windows min/rec hardware specs.,SHOULD,Official sysreq,Publish targets for any client,MTGO_PRD_Research_2026-09-22.md,High,N
NFR-002,NFR,Performance,The system shall keep duel input-to-feedback latency acceptable for competitive play under recommended specs.,GAP,Quantitative SLA GAP,Define and measure SLA,MTGO_PRD_Research_2026-09-22.md,Low,Y
NFR-003,NFR,Performance,The system shall manage large card payload updates without routinely corrupting installs.,GAP,Card.dll scale; community pain / modernity GAP,Robust updater,MTGO_PRD_Research_2026-09-22.md; mtgo-install-inventory.json v3.4.158.4700,Med,N
NFR-010,NFR,Reliability,The system shall support reconnect within grace without corrupting match state.,MUST,Competitive continuity,Reconnect protocol,MTGO_PRD_Research_2026-09-22.md,High,Y
NFR-011,NFR,Reliability,The system shall auto-patch to a consistent dependency set.,MUST,Client integrity,Complete installers,MTGO_PRD_Research_2026-09-22.md; mtgo-install-inventory.json v3.4.158.4700,High,N
NFR-012,NFR,Reliability,The system shall maintain ClickOnce/installer dependency integrity (all XAML-referenced assemblies present or fail closed with repair).,MUST,Shiny*.dll absent → FileLoadException observation,Dependency-complete deploys; repair UX,mtgo-install-inventory.json v3.4.158.4700,High,N
NFR-013,NFR,Reliability,Store and redemption workflows shall be idempotent under retry.,SHOULD,Payment safety,Idempotent APIs,MTGO_PRD_Research_2026-09-22.md,Low,N
NFR-020,NFR,Security/AntiCheat,The system shall deter cheats/hacks/mods/gameplay bots/collusion/defect exploits with suspension and Digital Object forfeit.,MUST,Event integrity,Premier-grade anti-cheat,MTGO_PRD_Research_2026-09-22.md,High,N
NFR-021,NFR,Security/AntiCheat,The client may collect hardware/profile/network signals and monitor unauthorized concurrent programs as disclosed.,MUST,EULA capability + disclosure,Privacy-disclosed telemetry,MTGO_PRD_Research_2026-09-22.md,High,N
NFR-022,NFR,Security/AntiCheat,The system shall protect credentials and session tokens in transit and at rest.,MUST,Baseline security; public detail thin,Security baseline,MTGO_PRD_Research_2026-09-22.md,Med,N
NFR-030,NFR,Compliance/Legal,"The system shall enforce age gates, parental consent, privacy, export controls, prize geofencing.",MUST,Legal non-negotiable,Compliance program,MTGO_PRD_Research_2026-09-22.md,High,N
NFR-031,NFR,Compliance/Legal,"The system shall retain/present EULA, Prize Eligibility, Player Rewards Eligibility, Code of Conduct.",MUST,Artifacts on disk,Ship legal artifacts,mtgo-install-inventory.json v3.4.158.4700,High,N
NFR-032,NFR,Compliance/Legal,The system shall support tax info collection for prize winners as required.,MUST,Tax compliance,Prize tax ops,MTGO_PRD_Research_2026-09-22.md,High,N
NFR-040,NFR,Accessibility,"The system shall provide basic visual aids (card zoom, card size).",SHOULD,Documented aids,Baseline a11y,MTGO_PRD_Research_2026-09-22.md,High,Y
NFR-041,NFR,Accessibility,The system shall pursue WCAG screen reader and colorblind support.,GAP,WCAG/screen reader not first-class on MTGO; a11y GAP / CrankMagic differentiation,Differentiation opportunity,MTGO_PRD_Research_2026-09-22.md,Med,Y
NFR-050,NFR,ClientPlatform,The system shall ship Windows desktop client with published specs until multi-platform parity.,MUST,Installed base continuity,Windows parity window if rewrite,MTGO_PRD_Research_2026-09-22.md,High,N
NFR-051,NFR,ClientPlatform,Mac/Linux/mobile/cloud-stream clients.,COULD,CAPEX vs debt,Strategic rewrite option,MTGO_PRD_Research_2026-09-22.md,High,N
NFR-052,NFR,ClientPlatform,Client tech may remain C#/WPF/XAML/ClickOnce or move to successor.,COULD,Shiny absence shows partial-deploy fragility,Prefer dependency-safe stack,MTGO_PRD_Research_2026-09-22.md; mtgo-install-inventory.json v3.4.158.4700,High,N
NFR-053,NFR,ClientPlatform,"Native interop (x64/x86 SQLite.Interop, p4bridge) shall be packaged as required.",SHOULD,Verified on disk,Package natives correctly,mtgo-install-inventory.json v3.4.158.4700,High,N
NFR-060,NFR,Observability,The client shall write operational logs for support triage.,SHOULD,mtgo.log ~7.5MB evidence,Client logging,mtgo-install-inventory.json v3.4.158.4700,High,N
NFR-061,NFR,Observability,"The operator shall have telemetry for outcomes, disconnects, trade anomalies, Premier integrity.",MUST,Integrity ops; details proprietary,Build integrity telemetry,MTGO_PRD_Research_2026-09-22.md,Med,N
NFR-070,NFR,Scalability,The system shall scale matchmaking/duel for Premier/set-release peaks without integrity loss.,MUST,Competitive continuity; capacity unpublished,Load plan,MTGO_PRD_Research_2026-09-22.md,Low,N
NFR-071,NFR,Scalability,Trade and Store shall remain available during peak liquidity.,SHOULD,Economy availability,Scale trade/store,MTGO_PRD_Research_2026-09-22.md,Med,N
NFR-080,NFR,Localization,The system shall ship English legal/help resources at minimum.,MUST,EULA_en.rtf,English-first OK initially,mtgo-install-inventory.json v3.4.158.4700,High,N
NFR-081,NFR,Localization,Additional UI languages.,GAP,GAP vs global paper Magic,Optional expansion,MTGO_PRD_Research_2026-09-22.md,Med,N
NFR-090,NFR,Fairness,Timer and disconnect rules shall not be trivially abusable.,MUST,Competitive fairness,Abuse-test clocks,MTGO_PRD_Research_2026-09-22.md,High,Y
NFR-091,NFR,Fairness,League matchmaking shall prefer course-score pairing over smurf-friendly open Elo.,SHOULD,Official model spirit,Fair leagues,MTGO_PRD_Research_2026-09-22.md,High,N
NFR-092,NFR,Fairness,Shuffles/packs randomization shall be cryptographically adequate.,MUST,Trust; algorithm Unverified,Audit RNG,MTGO_PRD_Research_2026-09-22.md,Med,N
NFR-100,NFR,Audio/UX,"The system shall provide event-driven audio pack (startup, tournament/game, draft, timers, card verbs, duel verbs, product, UI chrome).",SHOULD,98 WAVs Alerts/Card/Duel/General verified,Audio pack alignment opportunity,mtgo-install-inventory.json v3.4.158.4700,High,Y
NFR-101,NFR,Audio/UX,Audio shall be user-toggleable/volume-scoped in Settings.,SHOULD,SettingsScene large; toggles Unverified,Settings UX,MTGO_PRD_Research_2026-09-22.md; mtgo-install-inventory.json v3.4.158.4700,Med,Y
